"conversation_id_str","created_at","favorite_count","full_text","id_str","image_url","in_reply_to_screen_name","lang","location","quote_count","reply_count","retweet_count","tweet_url","user_id_str","username"
"1866392197719118105","Tue Dec 10 07:59:10 +0000 2024","0","Byon Combat 4 resmi berakhir. Laga tarung yang seru dan buktikan kehebatan petarung Indonesia yang memenangi delapan dari sembilan laga kontra petarung Malaysia. Baca di https://t.co/UHUf2Wljq6 BACA SELENGKAPNYA: https://t.co/EQ6zPf6PMY","1866392197719118105","","","in","","0","0","0","https://x.com/LudusId/status/1866392197719118105","1359654554686509056","LudusId"
"1865745363984122270","Sun Dec 08 15:36:18 +0000 2024","0","@nanaattel iyh mmang ayo by di byon combat 5","1865782462141665618","","nanaattel","in","","0","1","0","https://x.com/spiderwom4n_/status/1865782462141665618","1479724031246946304","spiderwom4n_"
"1865400000425185747","Sat Dec 07 15:12:37 +0000 2024","2","@unmagnetism Byon combat aja gak sih komanjing divo vs el seleb","1865414115822542898","","unmagnetism","in","","0","0","0","https://x.com/saldiii4/status/1865414115822542898","1464995556523069441","saldiii4"
"1865028126650306788","Sat Dec 07 13:25:42 +0000 2024","0","@AMatnadzri84325 @gilabola_ina malaysia guna naturalisasi kalah 4-1 full malay kalah 6-0 futsal. boxing kalah byon combat wkwkwkwk https://t.co/LWmg0uuKvU","1865387207156281471","https://pbs.twimg.com/media/GeMvxBta0AALlLs.jpg","AMatnadzri84325","in","Indonesia","0","0","0","https://x.com/akuzulfikar/status/1865387207156281471","1079088028402909184","akuzulfikar"
"1864877549660311968","Fri Dec 06 05:44:26 +0000 2024","0","@BknPacarKmu lagi latian buat byon combat 4 itu","1864908738722967822","","BknPacarKmu","in","","0","0","0","https://x.com/Luppanama_/status/1864908738722967822","1413084694862651397","Luppanama_"
"1864813769903477010","Thu Dec 05 23:40:26 +0000 2024","0","@_annyya Maren nonton byon combat 4 emang seru bngttt Wkkwkwk ahir acara liat mereka lucu","1864817137774391664","","_annyya","in","Plantation, FL","0","0","0","https://x.com/Keong_16/status/1864817137774391664","404735468","Keong_16"
"1864196391154979256","Wed Dec 04 06:33:49 +0000 2024","0","Fuji dan Aisar Khaled jadi sorotan usai saling balas story Instagram. Kedekatan mereka di Byon Combat 4 Showbiz bikin warganet heboh dan gemas! Siamk Selengkapnya! https://t.co/6K8hEXzGzB","1864196392992034979","","baperanewscom","in","Indonesia","0","0","0","https://x.com/baperanewscom/status/1864196392992034979","1608725343850082305","baperanewscom"
"1863894881762263073","Tue Dec 03 10:35:43 +0000 2024","0","Semoga Byon combat selanjutnya ada fight antara tech bros di X biar gak berhenti di saling blok ","1863894881762263073","","","in","My Blog üëâ","0","0","0","https://x.com/_4dinata/status/1863894881762263073","1330546824445382657","_4dinata"
"1863776661529153959","Tue Dec 03 02:45:58 +0000 2024","0","aku nyesel nonton byon combat 4 anjgg malah jadi ikut mantengin percintaan fuji skrg fakkkkk","1863776661529153959","","","in","Madrid, Comunidad de Madrid","0","0","0","https://x.com/bubuyycunuk/status/1863776661529153959","2322121634","bubuyycunuk"
"1863510349447843917","Mon Dec 02 09:07:44 +0000 2024","0","Profil Aisar Khaleed Influencer Malaysia yang Kepincut dengan Fuji di Byon Combat 4 #AisarKhaled #byoncombat4 https://t.co/cp0j0xbD6f","1863510349447843917","","","in","Bogor, Jawa Barat","0","0","0","https://x.com/AyoBogorCom/status/1863510349447843917","803539781019799552","AyoBogorCom"
"1863411669969567970","Mon Dec 02 02:35:37 +0000 2024","2","Inilah Maksud Bio Fuji di TikTok ternyata artinya berkaitan dengan Aisar Khaled lawan tinju Fadly Faisal di Byon Combat 4 Indonesia vs Malaysia https://t.co/CXdd8TZcaz","1863411669969567970","","","in","","0","0","1","https://x.com/Miraikuri154077/status/1863411669969567970","1841397928726003712","Miraikuri154077"
"1863361097983836549","Sun Dec 01 23:14:39 +0000 2024","127","Kemenangan Fadly Faisal di pertandingan Byon Combat showbiz 4 https://t.co/Z2PSHISGVK","1863361097983836549","https://pbs.twimg.com/media/Gdv9ClUacAALyUc.jpg","","in","","0","0","10","https://x.com/shirtlessboyid/status/1863361097983836549","775968482840104961","shirtlessboyid"
"1863234550627004518","Sun Dec 01 14:51:48 +0000 2024","1","yes lu nonton Indo vs Malay (byon combat vol 4) gaa?? #yesanity","1863234550627004518","","","in","","0","0","0","https://x.com/LyliAa499789/status/1863234550627004518","1810936055375478784","LyliAa499789"
"1863187868786848002","Sun Dec 01 11:46:18 +0000 2024","0","Byon Combat Showbiz Volume 4: Rudy The Golden Boy Sabet 2 Gelar Kalahkan Jagoan Malaysia Dean Hamsah https://t.co/NRQK7UrMUK","1863187868786848002","","","in","","0","0","0","https://x.com/pria4d/status/1863187868786848002","1383313898506309632","pria4d"
"1863110988771512421","Sun Dec 01 11:13:19 +0000 2024","3","@OnefootballM Lebih penting Byon Combat 4.","1863179567181250660","","OnefootballM","in","Maratua Island, Indonesia.","0","0","0","https://x.com/DellSuseno/status/1863179567181250660","1429043432366903304","DellSuseno"
"1863162865403973754","Sun Dec 01 10:06:57 +0000 2024","3","Apa Artinya 'Bio Fuji' di TikTok? Viral usai Aisar Khaled Tinju Lawan Fadly Faisal di Byon Combat 4 Indonesia vs Malaysia: Netizen Soroti https://t.co/CXdd8TZcaz","1863162865403973754","","","in","","0","0","2","https://x.com/Miraikuri154077/status/1863162865403973754","1841397928726003712","Miraikuri154077"
"1863116636938760602","Sun Dec 01 07:03:15 +0000 2024","0","BYON COMBAT 4 Nonton fadly vs aisar Nonton fuji aisar Lucu bangeeett","1863116636938760602","","","in","","0","0","0","https://x.com/PutriYesa2/status/1863116636938760602","1402097077891469319","PutriYesa2"
"1863103680398159962","Sun Dec 01 06:11:46 +0000 2024","0","Sosok Fadly Faisal Kakak Fuji Menang Tinju Lawan Aisar Khaled di Byon Combat 4 Ditemani Pacar Baru https://t.co/UJTEbXUPLU lewat @tribunnews #fadlyfaisal #fuji #tinju #aisarkhaled #indonesiamalaysia #malaysia #indonesia #viral #ByonCombatShowbizVol4 #byoncombat4 #vidio","1863103680398159962","","","in","Balikpapan, Indonesia","0","1","0","https://x.com/tribunkaltim/status/1863103680398159962","103551225","tribunkaltim"
"1863099491777495324","Sun Dec 01 05:55:08 +0000 2024","64","Byon combat 4 Sebelum pertandingan: ini bukan randy ini Jordan boyyyy Sesudah pertandingan: ini bukan saya ini bukan saya Jordan boy nak rematch #BYON https://t.co/fQvw6UlGMg","1863099491777495324","https://pbs.twimg.com/ext_tw_video_thumb/1863099404497924096/pu/img/tVzJDjVL3qtfpzht.jpg","","in","","2","3","6","https://x.com/footballindo_14/status/1863099491777495324","1715800155046518784","footballindo_14"
"1863090623211016582","Sun Dec 01 05:19:53 +0000 2024","0","Hasil Byon Combat Showbiz Vol 4 Delapan Petarung Indonesia Raih Kemenangan https://t.co/GTORcIwDHD #byoncombat #byoncombat4 #ByonCombatShowbiz","1863090623211016582","","","in","DKI Jakarta, Indonesia","0","0","0","https://x.com/edorusia/status/1863090623211016582","68375206","edorusia"
"1863090053888758104","Sun Dec 01 05:17:38 +0000 2024","0","Menpora Dito Saksikan Byon Combat Showbiz Vol 4: Go Internasional! 1 Desember 2024 https://t.co/lEUDhiKUBP","1863090053888758104","","","in","Jl Masjid Al Akbar Timur No.9","0","0","0","https://x.com/aula_media/status/1863090053888758104","1278217985795096576","aula_media"
"1863067581470658839","Sun Dec 01 03:48:20 +0000 2024","22","üáÆüá©üá≤üáæ Tim Indonesia nyaris menyapu bersih 9 pertarungan sengit melawan Malaysia dalam Byon Combat Showbiz Vol. 4 di Tennis Indoor Senayan Sabtu (30/11/2024) malam. Puncak pertarungan ditutup oleh kemenangan sang legenda Rudy Golden Boy yang berhasil membuat KO jagoan asal https://t.co/WUedAYxO5U","1863067581470658839","https://pbs.twimg.com/ext_tw_video_thumb/1863067459202498560/pu/img/dgMuqrgXTV4KR10y.jpg","","in","","0","0","2","https://x.com/inilahdotcom/status/1863067581470658839","46693036","inilahdotcom"
"1863062036600734118","Sun Dec 01 03:26:18 +0000 2024","6","Match Byon Combat 4 Paling Seru nih Aziz Calim (Indonesia) vs Ezmir Danial (Malaysia) Sampe ronde 3 saling jual beli serangan. Yakin Kkajhe si paling Timur Keras bisa menang? #byoncombat #ByonCombatShowbiz #byoncombat4 https://t.co/EPCHjuqeRe","1863062036600734118","https://pbs.twimg.com/amplify_video_thumb/1863061512782315520/img/pM2ZaIy_VQaNtNFb.jpg","","in","Indonesia","0","0","1","https://x.com/TukangBedah00/status/1863062036600734118","1612447931768131585","TukangBedah00"
"1862489243375083698","Sun Dec 01 02:32:35 +0000 2024","6","Kalo ada kategori Most Entertaining Fighter Mohamad Redho Rocky pasti pemenangnya! Melawan fighter yang lebih berpengalaman dipertandingan profesional ga bikin Rocky gentar! Selain menghibur Rodtang made in Tasik ini juga menunjukkan kualitasnya diatas ring Byon Combat 4! https://t.co/uwJWGldUOH","1863048521559285919","https://pbs.twimg.com/ext_tw_video_thumb/1863048489732620289/pu/img/lgoiCDKWe-VEYil1.jpg","BukanGlenfredly","in","Jatipuro, Indonesia","0","1","1","https://x.com/BukanGlenfredly/status/1863048521559285919","1057243108390268928","BukanGlenfredly"
"1863048443822059832","Sun Dec 01 02:32:17 +0000 2024","0","https://t.co/UeAT4fllQz Hasil Byon Combat Showbiz Vol. 4 : Menang Lawan Aisar Khaled dari Malaysia Fadly Faisal Raih Sabuk ICB International #byoncombat #ByonCombatShowbizVol4 #FadlyFaisal #AisarKhaled","1863048443822059832","","","in","","0","0","0","https://x.com/helojabar_/status/1863048443822059832","1683709673097293826","helojabar_"
"1863031707185848749","Sun Dec 01 01:25:47 +0000 2024","0","Hasil Byon Combat 4 Fadly Faisal Menang Ongen Saknosiwi Juara https://t.co/vgqqkF7hyW","1863031707185848749","","","in","Bandung","0","0","0","https://x.com/PRJABAR/status/1863031707185848749","1775964061114712064","PRJABAR"
"1863023088557818344","Sun Dec 01 00:51:32 +0000 2024","2","Fuji Full Senyum saat Hadir Dukung Sang Kakak di Byon Combat 4 https://t.co/itvxg7fPQC","1863023088557818344","","","in","Jakarta, Indonesia","0","0","0","https://x.com/fajaronline/status/1863023088557818344","89877164","fajaronline"
"1863017158328123752","Sun Dec 01 00:27:58 +0000 2024","1","btw byon combat 4 seru bgt. tp cm ngikutin se match krna ketiduran bgst suami gamau bangunin. bangun2 pas fadly vs aisar alias 2 match terakhir ","1863017158328123752","","","in","","0","0","0","https://x.com/halffhooman/status/1863017158328123752","1786606878287650816","halffhooman"
"1862996422355976621","Sat Nov 30 23:05:34 +0000 2024","3","Terlepas fight Byon 4 malam tadi. Congrats fighters malaysia. Walaupun Putra sorang menang. Aku happy tengok event macamtu. Semoga ada future untuk combat sport malaysia. Respect untuk Aisar Khaled sebenarnya dia punca aku rasa event ni jadi menang besar dia dapat jumpa fuji ","1862996422355976621","","","in","Texas - Kuala Lumpur","0","0","0","https://x.com/RazeenMutazah/status/1862996422355976621","462636655","RazeenMutazah"
"1862933603153576019","Sat Nov 30 18:55:57 +0000 2024","45","Momen Fuji Naik Ke Atas Ring Byon Combat 4 Sc: aisar_khaledd #Byon #Byon4 #FadlyFaisal #Fadly #ByonCombat #fuji #fujian https://t.co/U3nNeZxrW9","1862933603153576019","https://pbs.twimg.com/ext_tw_video_thumb/1862933100193529856/pu/img/JDYQR46G3JVOSuRB.jpg","","in","DKI Jakarta","2","4","2","https://x.com/SeJakarta_id/status/1862933603153576019","1571536417448402944","SeJakarta_id"
"1862925166617194872","Sat Nov 30 18:22:25 +0000 2024","0","Dari sore nontonin byon combat 4","1862925166617194872","","","in","Rome","0","0","0","https://x.com/buset_daah/status/1862925166617194872","1089865378077921282","buset_daah"
"1862888912089477186","Sat Nov 30 15:58:22 +0000 2024","388","Pertandingan byon combat 4. Putra abdullah wakil dari malaysia berhasil memenangkan pertandingan melawan kkungke dari indonesia. Terlihat kkungke mengalami dislokasi bahu. Kemenangan pertama dari malaysia. https://t.co/E1ziHpYQ1L","1862888912089477186","https://pbs.twimg.com/ext_tw_video_thumb/1862888579514474496/pu/img/jmBSlP1SiVNVTKHg.jpg","","in","","14","7","110","https://x.com/satria_gigin/status/1862888912089477186","1519990804495826944","satria_gigin"
"1862888046649356459","Sat Nov 30 15:54:55 +0000 2024","4","Sudah Dimulai 22.55 WIB! Nonton Siaran Langsung Byon Combat 4 Indonesia vs Malaysia Aisar Khaled vs Fadly Faisal Kakak Fuji An Sekarang: Link Live Streaming di Sini https://t.co/gMnmcP6T5u","1862888046649356459","","","in","","0","0","2","https://x.com/Miraikuri154077/status/1862888046649356459","1841397928726003712","Miraikuri154077"
"1862887966953075030","Sat Nov 30 15:54:36 +0000 2024","0","INDONESIA VS MALAYSIA BYON COMBAT SHOWBIZ 4 LIVESTREAM https://t.co/jDfDHaZk1P lewat @YouTube","1862887966953075030","","","in","","0","0","0","https://x.com/prmnaa_y/status/1862887966953075030","1837369165709213696","prmnaa_y"
"1862887311257854383","Sat Nov 30 15:52:00 +0000 2024","39","Byon Combat 4 Kk Ungke (Indonesia) vs Putra Abdullah (Malaysia) Putra Abdullah berhasil menumbangkan kk Ungke di round 4 ini menjadi kekalahan pertama Indonesia setelah berhasil memenangkan 8 pertandingan berturut-turut. #BYON https://t.co/nZQtBYqG0d","1862887311257854383","https://pbs.twimg.com/ext_tw_video_thumb/1862887280408440832/pu/img/rwKBrBHVoopDpm6C.jpg","","in","","1","4","15","https://x.com/footballindo_14/status/1862887311257854383","1715800155046518784","footballindo_14"
"1862886690702184914","Sat Nov 30 15:49:32 +0000 2024","27","Yeah.. Malaysia menang..akhirnya Byon Combat 4 https://t.co/mhWv2WJAhj","1862886690702184914","https://pbs.twimg.com/media/GdpNj5uWQAA4iAS.jpg","","in","","0","3","1","https://x.com/Frenlly6/status/1862886690702184914","1318886021623287808","Frenlly6"
"1862880267364639085","Sat Nov 30 15:24:01 +0000 2024","57","Byon Combat 4 Aziz Calim (Indonesia) vs Ezmil (Malaysia) Aziz calim berhasil memenangkan pertandingan #BYON https://t.co/VOB9bKrrVN","1862880267364639085","https://pbs.twimg.com/ext_tw_video_thumb/1862880214000312320/pu/img/VTMANzro0odwkjQR.jpg","","in","","1","1","1","https://x.com/footballindo_14/status/1862880267364639085","1715800155046518784","footballindo_14"
"1862879819039695096","Sat Nov 30 15:22:14 +0000 2024","2","Prediksi Hasil Akhir Aisar Khaled vs Fadly Faisal: Indonesia vs Malaysia Byon Combat 4 Malam Ini 22.30 WIB https://t.co/LkGPGs1fEO","1862879819039695096","","","in","","0","0","2","https://x.com/Miraikuri154077/status/1862879819039695096","1841397928726003712","Miraikuri154077"
"1862879547261419820","Sat Nov 30 15:21:09 +0000 2024","0","Makin Seru! Byon Combat 4: Tayang di Link Live Streaming ini. Fadly Faisal vs Aisar Khaled Siapa Juara? https://t.co/DaKjjK0ir4","1862879547261419820","","","in","bandung","0","0","0","https://x.com/j0bnl1/status/1862879547261419820","4555085294","j0bnl1"
"1862878827690840282","Sat Nov 30 15:18:17 +0000 2024","70","Momen lucu Byon combat 4 pada pertandingan aziz calim melawan ezmir danial dari malaysia. Aziz calim secara tidak sengaja mengangkat kakinya padahal ini pertandingan boxing. https://t.co/D0QJQQGeR5","1862878827690840282","https://pbs.twimg.com/ext_tw_video_thumb/1862878780135821312/pu/img/D1PQIPvAQ98DhbVQ.jpg","","in","","2","2","3","https://x.com/satria_gigin/status/1862878827690840282","1519990804495826944","satria_gigin"
"1862878614267863310","Sat Nov 30 15:17:26 +0000 2024","0","Link Live Streaming Fadly Faisal vs Aisar Khaled di Byon Combat Showbiz Vol. 4 Gratis Tinggal Klik di Sini! - Garut 60 Detik https://t.co/mreuIZESMW","1862878614267863310","","","in","","0","0","0","https://x.com/SanSan258583686/status/1862878614267863310","1833149828119097344","SanSan258583686"
"1862876512724353082","Sat Nov 30 15:09:05 +0000 2024","1","Serieal Effendy Petik Kemenangan TKO di Byon Combat Showbiz 4: Indonesia vs Malaysia Wakil Tuan Rumah Tersenyum https://t.co/2jazIKIPx1 #Bola","1862876512724353082","","","in","Jakarta","0","1","0","https://x.com/liputan6dotcom/status/1862876512724353082","47596019","liputan6dotcom"
"1862869642328629573","Sat Nov 30 14:41:47 +0000 2024","1","Link nonton full gratis : https://t.co/AWCAONqmsd Byon Combat 4 Indonesia vs Malaysia 7 fighter dari Indonesia berhasil menaklukkan semua lawannya #BYON https://t.co/qluATW05P1","1862869642328629573","https://pbs.twimg.com/media/Gdo-EPSWkAAdQsc.jpg","","in","","0","0","0","https://x.com/gurugorontal/status/1862869642328629573","1759583656396599296","gurugorontal"
"1862868869796581668","Sat Nov 30 14:38:43 +0000 2024","8","Bagi link nnton Byon Combat 4 dong wkwkwk","1862868869796581668","","","in","nomaden","0","5","0","https://x.com/GoballGabull/status/1862868869796581668","1790391989755891712","GoballGabull"
"1862868347265986581","Sat Nov 30 14:36:39 +0000 2024","55","Byon Combat 4 Serial Effendy (Indonesia) vs Jordan Boy (Malaysia) Gaya doang Malay akhirnya turu juga #ByonCombatShowbiz #byoncombat https://t.co/2GAlYtKLo6","1862868347265986581","https://pbs.twimg.com/ext_tw_video_thumb/1862868156634775552/pu/img/Epei941YWJOFP2pp.jpg","","in","Indonesia","2","4","8","https://x.com/TukangBedah00/status/1862868347265986581","1612447931768131585","TukangBedah00"
"1862860655847731392","Sat Nov 30 14:06:05 +0000 2024","0","Byon Combat 4: Aksi Panas Tayang di Mana? Dapatkan Link Live Streaming-nya! https://t.co/aEKPzQtPyP","1862860655847731392","","","in","bandung","0","0","0","https://x.com/j0bnl1/status/1862860655847731392","4555085294","j0bnl1"
"1862852834246746254","Sat Nov 30 13:35:00 +0000 2024","18","Byon Combat 4 Pertandingan Kedua Serial Efendi (Indonesia) vs Jordan Boy(Malaysia) Serial Efendi hanya membutuhkan waktu 23 detik untuk memenangkan pertandingan ini #BYON https://t.co/LY8DQfxvCn","1862852834246746254","https://pbs.twimg.com/ext_tw_video_thumb/1862852793058332672/pu/img/xHw88ElkPvQVSSnA.jpg","","in","","0","1","3","https://x.com/footballindo_14/status/1862852834246746254","1715800155046518784","footballindo_14"
"1862850358026060085","Sat Nov 30 13:25:10 +0000 2024","0","Terjawab Siapa Aisar Khaled Pria Malaysia yang Duel Tinju dengan Fadly Faisal di Byon Combat 4 2024 https://t.co/lz2rURz1xv lewat @tribunnews #aisarkhaled #malaysia #indonesia #fadlyfaisal #ByonCombatShowbizVol4 #BYON #byoncombat #tinju #livestreaming #fuji","1862850358026060085","","","in","Balikpapan, Indonesia","0","0","0","https://x.com/tribunkaltim/status/1862850358026060085","103551225","tribunkaltim"
"1862826018878411222","Sat Nov 30 13:18:18 +0000 2024","0","Byon Combat vol.4 Indonesia vs Malaysia (5-0). Serieal Efendy win TKO gasampe 2 menit njir ","1862848630706823311","","RahmatAR_","in","sby-sda","0","0","0","https://x.com/RahmatAR_/status/1862848630706823311","251444521","RahmatAR_"
"1862847789304262729","Sat Nov 30 13:14:57 +0000 2024","0","Byon combat 4 seru banget","1862847789304262729","","","in","Unknown","0","0","0","https://x.com/pallemmai/status/1862847789304262729","1066593488865611776","pallemmai"
"1862847613688770784","Sat Nov 30 13:14:15 +0000 2024","0","Live Streaming Tinju Byon Combat 4 Indonesia vs Malaysia: Aisar Khaled vs Fadly Faisal https://t.co/m9OSktJ2mT https://t.co/P2sxOSGQRO","1862847613688770784","https://pbs.twimg.com/media/GdoqCE0XQAA6qB-.jpg","","in","","0","0","0","https://x.com/neitrher/status/1862847613688770784","725819916381736960","neitrher"
"1862845656471368130","Sat Nov 30 13:06:29 +0000 2024","0","INDONESIA VS MALAYSIA! BYON COMBAT SHOWBIZ VOL.4 LIVESTREAM! https://t.co/5QtSfSM5eu melalui @YouTube","1862845656471368130","","","in","","0","0","0","https://x.com/SyahdanDotri/status/1862845656471368130","1401386053336846337","SyahdanDotri"
"1862841516064227542","Sat Nov 30 12:56:28 +0000 2024","0","gatau kenapa tiba tiba nonton ni acara tapi byon combat 4 ini seru sih","1862843136231579972","","minggirdlue","in","Indonesia","0","1","1","https://x.com/minggirdlue/status/1862843136231579972","1837754665083326465","minggirdlue"
"1862841129340989645","Sat Nov 30 12:48:29 +0000 2024","0","gokil Byon Combat 4 puas banget nontonnya!","1862841129340989645","","","in","","0","0","0","https://x.com/Kindergen/status/1862841129340989645","1781236874000117760","Kindergen"
"1862840989016269055","Sat Nov 30 12:47:56 +0000 2024","0"," LIVE STREAMING BYON COMBAT VOL 4 : INDONESIA VS MALAYSIA - LINK UNTUK MENONTON: https://t.co/miftdSrX66 Jangan lupa tinggalkan suka bagikan &amp; ikuti halaman ini!!! https://t.co/KC3gczoeHH","1862840989016269055","https://pbs.twimg.com/media/GdokANfXEAEM7rY.jpg","","in","","0","0","0","https://x.com/CEOngajoaxx/status/1862840989016269055","1445094469246676994","CEOngajoaxx"
"1862826018878411222","Sat Nov 30 12:47:55 +0000 2024","0","Byon Combat vol.4 Indonesia vs Malaysia (4-0). W Felmy meskipun pala udah bocor masih kuat fight sampe menang njir","1862840987200229701","","RahmatAR_","in","sby-sda","0","1","0","https://x.com/RahmatAR_/status/1862840987200229701","251444521","RahmatAR_"
"1862838955743555707","Sat Nov 30 12:39:51 +0000 2024","0","Seru banget byon combat 4","1862838955743555707","","","in","Dirumah.","0","0","0","https://x.com/fixbxy/status/1862838955743555707","1230182965365243905","fixbxy"
"1862837358632305089","Sat Nov 30 12:33:30 +0000 2024","27","BIKIN INDONESIA BANGGA üáÆüá© Jaden Bahtera sukses menang atas Raul Gonzalez di BYON Combat Showbiz 4 Live now on Vidio https://t.co/wW3OD0MvnJ https://t.co/22X4vWLo5a","1862837358632305089","https://pbs.twimg.com/ext_tw_video_thumb/1862837268475449344/pu/img/667ctgxEOf88QroH.jpg","","in","","2","0","1","https://x.com/VidioSports/status/1862837358632305089","1597888064214663168","VidioSports"
"1862836238451179654","Sat Nov 30 12:29:03 +0000 2024","0","seru banget byon combat 4","1862836238451179654","","","in","","0","0","0","https://x.com/opposeddin/status/1862836238451179654","1478957844384735235","opposeddin"
"1862835235806920836","Sat Nov 30 12:25:04 +0000 2024","1","Vip ring 1 Cat 1 Wts byon combat 4 Cod venue sama saya sendiri https://t.co/2e37hCdlcf","1862835235806920836","https://pbs.twimg.com/media/GdoexLVWIAAbu_K.jpg","","in","DKI Jakarta, Indonesia","0","0","0","https://x.com/azizyoo1/status/1862835235806920836","1264994427057012736","azizyoo1"
"1862826018878411222","Sat Nov 30 11:48:27 +0000 2024","0","Byon Combat vol.4 Indonesia vs Malaysia (3-0)","1862826018878411222","","","in","sby-sda","0","1","0","https://x.com/RahmatAR_/status/1862826018878411222","251444521","RahmatAR_"
"1862825826879971723","Sat Nov 30 11:47:41 +0000 2024","1","malem ini jangan lupa nntn byon combat 4 tubes nanti dulu","1862825826879971723","","","in","Electrical Engineering | ITB","0","0","0","https://x.com/aymaannnzzzz/status/1862825826879971723","1619918021392474117","aymaannnzzzz"
"1862823430380503333","Sat Nov 30 11:38:10 +0000 2024","0","Byon Combat vol.4 Indonesia vs Malaysia (3-0)","1862823430380503333","","","in","","0","0","0","https://x.com/tirekkk_/status/1862823430380503333","1223892309453889536","tirekkk_"
"1862823156324655242","Sat Nov 30 11:37:04 +0000 2024","47","Mohamad Redho (Indonesia) vs Amirul Azim (Malaysia) Byon Combat 4 Indo agresif banget malay ketar-ketar di ronde 1 #ByonCombatShowbiz https://t.co/uylZN0RGQ8","1862823156324655242","https://pbs.twimg.com/ext_tw_video_thumb/1862822259921960960/pu/img/fSV8XKmHBLswM-ZM.jpg","","in","Indonesia","0","4","5","https://x.com/TukangBedah00/status/1862823156324655242","1612447931768131585","TukangBedah00"
"1862794268018110557","Sat Nov 30 11:35:35 +0000 2024","0","@lilisagustin_ Malam minggu cukup main HP rebahan sambil nonton Byon combat 4","1862822780942893397","","lilisagustin_","in","","0","0","0","https://x.com/omgyashgurl/status/1862822780942893397","1339838081352912896","omgyashgurl"
"1862820375652159716","Sat Nov 30 11:26:01 +0000 2024","1","Byon combat 4 rame nih asli","1862820375652159716","","","in","kota Bandung, tau gak km","0","0","0","https://x.com/aakacamata/status/1862820375652159716","363428914","aakacamata"
"1862820064896155774","Sat Nov 30 11:24:47 +0000 2024","0","3-0 dah ni Byon combat 4 ni","1862820064896155774","","","in","","0","0","0","https://x.com/Iqrmrsmn/status/1862820064896155774","1473738547","Iqrmrsmn"
"1862819523830948174","Sat Nov 30 11:22:38 +0000 2024","0","ini nonton yg mana dah byon combat vol 4 seru m6 juga seru","1862819523830948174","","","in","","0","1","0","https://x.com/ffkhryn/status/1862819523830948174","1131495483589795840","ffkhryn"
"1862813563540394116","Sat Nov 30 10:58:57 +0000 2024","0","Jadwal Byon Combat 4 Hari Ini Jam Berapa? Cek Link Live Streaming Duel Seru Fadly Faisal vs Aisar Khaled! https://t.co/rV3UmGyfPH","1862813563540394116","","","in","Bandung","0","0","0","https://x.com/PRJABAR/status/1862813563540394116","1775964061114712064","PRJABAR"
"1862810427950027251","Sat Nov 30 10:46:30 +0000 2024","17","Surya Dharma (Indonesia) vs Bradley Ho (Malaysia) Ronde 1 Laga cukup seru di Byon Combat 4 #byoncombat #ByonCombatShowbiz https://t.co/jaGJRmHozY","1862810427950027251","https://pbs.twimg.com/ext_tw_video_thumb/1862809935689494528/pu/img/KvGq-bPQ5CCqrimD.jpg","","in","Indonesia","1","2","5","https://x.com/TukangBedah00/status/1862810427950027251","1612447931768131585","TukangBedah00"
"1862759663022055769","Sat Nov 30 07:24:46 +0000 2024","3","Hari Ini! Link Nonton Live Streaming Byon Combat 4 Indonesia vs Malaysia: Aisar Khaled vs Fadly Faisal Siaran Langsung Tinju TV Online https://t.co/gMnmcP6T5u","1862759663022055769","","","in","","0","0","2","https://x.com/Miraikuri154077/status/1862759663022055769","1841397928726003712","Miraikuri154077"
"1862757744631325017","Sat Nov 30 07:17:09 +0000 2024","0","Jam Tayang dan Live Streaming Tinju Byon Combat 4 Indonesia vs Malaysia Ada Fadly Faisal vs Aisar https://t.co/qoREuZiW5z lewat @tribunnews #ByonCombatShowbiz #byoncombat #fadlyfaisal #aisarkhaled #tinju #livestreaming #vidiocom","1862757744631325017","","","in","Balikpapan, Indonesia","0","0","0","https://x.com/tribunkaltim/status/1862757744631325017","103551225","tribunkaltim"
"1862755851054064036","Sat Nov 30 07:09:37 +0000 2024","0","WTS TIKET BYON COMBAT 4 CAT 1 -3 READY HARGA UNDERWEB DM AJAAAA #wtb #zonauang #zonajajan·Ö†","1862755851054064036","","","in","","0","0","0","https://x.com/myshennn/status/1862755851054064036","1848633435809845250","myshennn"
"1862751644783714505","Sat Nov 30 06:52:55 +0000 2024","0","Wts tiket byon combat showbiz vol. 4 Indonesia vs Malaysia 2 tix - cat 1 (450k) 2 tix - cat 2 (325)k) wts wtb lfb combat boxing","1862751644783714505","","","in","","0","0","0","https://x.com/konsertikets/status/1862751644783714505","1682906200218959872","konsertikets"
"1862750604004925493","Sat Nov 30 06:48:46 +0000 2024","0","gua udah nyoba 100x buat beli ppv byon combat 4 di vidio gabisa bisa hehehe tolol semuanya gua nya juga norak","1862750604004925493","","","in","","0","0","0","https://x.com/thxufrtdy/status/1862750604004925493","1118520484520316928","thxufrtdy"
"1862724205571359204","Sat Nov 30 05:03:53 +0000 2024","0","wts tiket byon combat 4 hari ini cat 1 sampe 3 ready dm aja #wtb #zonauangÔ∏è","1862724205571359204","","","in","","0","0","0","https://x.com/myshennn/status/1862724205571359204","1848633435809845250","myshennn"
"1862716790121607188","Sat Nov 30 04:34:25 +0000 2024","0","https://t.co/sjYKVcvnRR Jam Tayang Semua Pertandignan Byon Combat 4: Fadly Kkungke dan Rudy Golden Boy Main Jam Segini ! #ByonCombatShowbizVol4 #ByonCombatShowbiz #ByonCombat4 #Byon4","1862716790121607188","","","in","","0","0","0","https://x.com/helojabar_/status/1862716790121607188","1683709673097293826","helojabar_"
"1862705756531040759","Sat Nov 30 03:50:34 +0000 2024","0","Aziz Calim Bakal Berikan yang Terbaik bagi Indonesia di Byon Combat Vol 4 https://t.co/dMYrCoDhKL https://t.co/eDCB6qtNGQ","1862705756531040759","https://pbs.twimg.com/media/GdmpA8sXMAARqn8.jpg","","in","Jakarta, Indonesia","0","0","0","https://x.com/sportskompascom/status/1862705756531040759","73674042","sportskompascom"
"1862704775797907822","Sat Nov 30 03:46:40 +0000 2024","0","https://t.co/aHir3KUOxC Jadwal dan Cara Nonton Byon Combat Showbiz Vol.4 Dimulai Petang Nanti ! #ByonCombatShowbizVol4 #ByonCombatShowbiz #ByonCombat4 #Byon4","1862704775797907822","","","in","","0","0","0","https://x.com/helojabar_/status/1862704775797907822","1683709673097293826","helojabar_"
"1862699482577871207","Sat Nov 30 03:25:38 +0000 2024","0","Cara NONTON Tinju Byon Combat Showbiz Vol 4 Hari Ini 30 November 2024 Siaran Langsung Fadly vs Aisar di SINI #byoncombat https://t.co/hRgzHEduea","1862699482577871207","","","in","Yogyakarta","0","0","0","https://x.com/berita_diy/status/1862699482577871207","1287642738683342848","berita_diy"
"1862686395133043102","Sat Nov 30 02:33:38 +0000 2024","0","Wts tiket byon combat showbiz vol. 4 Indonesia vs Malaysia 2 tix - cat 1 2 tix - cat 2 wts wtb lfb tiket byon combat boxing","1862686395133043102","","","in","","0","1","0","https://x.com/konsertikets/status/1862686395133043102","1682906200218959872","konsertikets"
"1862677965940682872","Sat Nov 30 02:00:08 +0000 2024","0","Jangan lewatkan BYON Combat Showbiz 4 Indonesia vs Malaysia di Vidio dengan beli vouchernya di TIX ID! #TIXID https://t.co/fnufdQbsNF","1862677965940682872","https://pbs.twimg.com/media/GdmPvRSWQAAWFWW.jpg","","in","Jakarta Capital Region","0","0","0","https://x.com/tix_id/status/1862677965940682872","983528630629183489","tix_id"
"1862630365514670279","Fri Nov 29 22:50:59 +0000 2024","0","FORUM PRIA4D-Byon Combat Showbiz Vol. 4 akan menjadi saksi pertarungan sekaligus pembuktian dari rivalitas antar dua negara https://t.co/EziR61X3sx","1862630365514670279","","","in","","0","0","0","https://x.com/pria4d/status/1862630365514670279","1383313898506309632","pria4d"
"1862587634637578602","Fri Nov 29 20:01:11 +0000 2024","1","Byon Combat Showbiz Vol 4: Duel Sengit Indonesia vs Malaysia https://t.co/0p00cre5U9","1862587634637578602","","","in","","0","0","0","https://x.com/CNNIndonesia/status/1862587634637578602","17128975","CNNIndonesia"
"1862526714552938939","Fri Nov 29 16:02:47 +0000 2024","0","@chikudokoo yg bisa nonton byon combat 4 yg mana ka?","1862527637501223345","","chikudokoo","in","Indonesia ","0","1","0","https://x.com/gummymchi_/status/1862527637501223345","1248128893296369664","gummymchi_"
"1862526714552938939","Fri Nov 29 16:00:33 +0000 2024","0","@vvonyoung00 bisa nonton byon combat 4 kah ini?","1862527075594449198","","vvonyoung00","in","Indonesia ","0","1","0","https://x.com/gummymchi_/status/1862527075594449198","1248128893296369664","gummymchi_"
"1862521996455944550","Fri Nov 29 15:40:22 +0000 2024","0","main event versi gw di byon combat 4 : 1. coach rudy vs dean 2. serial effendi vs jordan boy 3. ungke vs putra aisar sama fadly kebanyakan ketawa2 njirr wkwk","1862521996455944550","","","in","","0","0","0","https://x.com/rozaqirfai/status/1862521996455944550","3012013255","rozaqirfai"
"1862496423054647431","Fri Nov 29 13:58:45 +0000 2024","0","Ada yg jual app vidio? Mau nonton Byon Combat 4 huhu #zonauang","1862496423054647431","","","in","Jakarta Timur, DKI Jakarta","1","39","0","https://x.com/hhhaeina/status/1862496423054647431","1405243158","hhhaeina"
"1862490751944229269","Fri Nov 29 13:36:13 +0000 2024","0","Fadli Faisal Lawan Aisar Khaled di Byon Combat 4 Berebut Sabuk ICB Perdana di Asia https://t.co/17ODsUTpls","1862490751944229269","","","in","Bogor, Indonesia","0","0","0","https://x.com/MediaVoi/status/1862490751944229269","1578222594","MediaVoi"
"1862488644927566079","Fri Nov 29 13:27:50 +0000 2024","0","WTS TIKET BYON COMBAT SHOWBIZ 4 CAT 1 HARGA NORMAL TANPA TAX. READY TINGGAL 2 TIX ATAS NAMA PRIBADI COD VENUE HARI-H DIBANTU URUS SAMPE JADI GELANG. Tag: WTB WTS WTT Tiket Byon Combat Showbiz 4 Indonesia VS Malaysia","1862488644927566079","","","in","","0","5","0","https://x.com/trshitt/status/1862488644927566079","1461558780831830019","trshitt"
"1862471174107930914","Fri Nov 29 12:18:25 +0000 2024","0","Cukup 2 ronde buat Rudy? Menjelang Byon Combat Showbiz 4 yang mempertemukan beberapa fighter Indonesia vs Malaysia sang juara Muaythai nasional Rudy Golden Boy siap tumbangkan jagoan asal Malaysia Dean Hamsah di RONDE 2!! Byon Combat Showbiz Vol. 4 akan digelar di Tennis https://t.co/X7SCRmGLVR","1862471174107930914","https://pbs.twimg.com/ext_tw_video_thumb/1862471099864195072/pu/img/4DyBjtZ0cMBybk6P.jpg","","in","","0","0","0","https://x.com/inilahdotcom/status/1862471174107930914","46693036","inilahdotcom"
"1862459335668044197","Fri Nov 29 11:31:23 +0000 2024","0","WTS TIKET BYON COMBAT VOL 4 AVAIL CAT APA AJA DM! HARGA NEGO BISA DI DM(BISA COD) PAYMENT 50% FIRST PAY FIRST GET t.wtb #zonauang #ByonCombatShowbiz #byon4","1862459335668044197","","","in","","0","0","0","https://x.com/thesyhrenn/status/1862459335668044197","1797726585073926145","thesyhrenn"
"1862454909804924931","Fri Nov 29 11:13:47 +0000 2024","15","Salah satu duel yang paling ditunggu-tunggu di BYON Combat Showbiz Vol. 4: Fadly Faisal üáÆüá© üÜö üá≤üáæ Aisar Khaled. Prediksi kamu di influencer fight kali ini siapa yang bakal menang? https://t.co/gkC12px2x2","1862454909804924931","https://pbs.twimg.com/ext_tw_video_thumb/1862454858286235648/pu/img/3Gpxy70K88zSMc7q.jpg","","in","","0","1","1","https://x.com/VidioSports/status/1862454909804924931","1597888064214663168","VidioSports"
"1862438172480987332","Fri Nov 29 10:07:17 +0000 2024","2","Wtb tiket byon combat 4 buat besok","1862438172480987332","","","in","√úT: -6.9604365,107.6376379","0","4","0","https://x.com/henrianshah/status/1862438172480987332","276862513","henrianshah"
"1862430551120162916","Fri Nov 29 09:37:00 +0000 2024","0","Petarung Indonesia bakal berduel melawan Petarung Malaysia di Byon Combat Showbiz vol 4 di Tenis Indoor Senayan. Ada Raul Gonzalez dan Fadly Faisal #boxing #ByonCombatShowbiz #raulgonzalez https://t.co/RNC1ERry5N","1862430551120162916","","","in","Petukangan utara jaksel","0","0","0","https://x.com/defrisaeful/status/1862430551120162916","34576772","defrisaeful"
"1862413881240690974","Fri Nov 29 08:30:45 +0000 2024","0","tiba tiba pengen nonton byon combat 4 masa HAHAHAHA","1862413881240690974","","","tl","","0","1","0","https://x.com/sunxcloud/status/1862413881240690974","1214960929923715074","sunxcloud"
"1862410903544898019","Fri Nov 29 08:18:55 +0000 2024","4","PREDIKSI Byon Combat 4 Indonesia vs Malaysia: Aisar Khaled vs Fadly Faisal Pemenang Tinju Sabtu 30 November 2024 Diperkirakan https://t.co/LkGPGs1fEO","1862410903544898019","","","in","","0","0","2","https://x.com/Miraikuri154077/status/1862410903544898019","1841397928726003712","Miraikuri154077"
"1862387572653400129","Fri Nov 29 06:46:13 +0000 2024","1","yg jual byon combat 4 mau beli dong #zonauang","1862387572653400129","","","in","","0","2","0","https://x.com/ruvpsh/status/1862387572653400129","1257425765626343424","ruvpsh"
"1862368180695704047","Fri Nov 29 05:31:19 +0000 2024","1","@kodoksuram Hai kak untuk bisa menyaksikan semua pertandingannya silahkan membeli paket BYON Combat Showbiz 4 ya-RO","1862368722901770489","","kodoksuram","in","Indonesia","0","0","0","https://x.com/vidio/status/1862368722901770489","2766004975","vidio"
"1862368180695704047","Fri Nov 29 05:29:10 +0000 2024","0","Min @vidio buat nonton BYON combat 4 di paket platinum bisa gak ya? Apa harus beli paket khusus BYON?","1862368180695704047","","","in","","0","1","0","https://x.com/kodoksuram/status/1862368180695704047","1689146417540157440","kodoksuram"
"1862355700770644231","Fri Nov 29 04:39:34 +0000 2024","0","Nonton bioskop 50rb 2jam sanggup masa nntn PPV byon combat 4 29rb gak sanggup","1862355700770644231","","","in","Jambi, Indonesia","0","0","0","https://x.com/p10ntuhan/status/1862355700770644231","1467047722792357888","p10ntuhan"
"1862140503145554389","Thu Nov 28 14:24:27 +0000 2024","0","Lebih Dekat Aisar Khaled: Influencer Top Malaysia yang Siap Baku Pukul di Byon Combat Vol. 4 https://t.co/XKxOKvy1Vt","1862140503145554389","","","in","Indonesia","0","0","0","https://x.com/bolacomID/status/1862140503145554389","1486284086","bolacomID"
"1862128388527595573","Thu Nov 28 13:36:19 +0000 2024","1","WTS TIKET BYON COMBAT SHOWBIZ 4 CAT 1 HARGA NORMAL TANPA TAX. READY 4 TIX ATAS NAMA PRIBADI COD VENUE HARI-H DIBANTU URUS SAMPE JADI GELANG. Tag: WTB WTS WTT Tiket Byon Combat Showbiz 4 Indonesia VS Malaysia","1862128388527595573","","","in","","0","7","0","https://x.com/trshitt/status/1862128388527595573","1461558780831830019","trshitt"
"1861623904726589558","Wed Nov 27 04:11:40 +0000 2024","0","ada yg mau nonton byon combat 4 juga ga ya tgl 30 november khusus cewe","1861623904726589558","","","in","","0","3","0","https://x.com/yrkzha/status/1861623904726589558","1800838127403331584","yrkzha"
"1861283307184627968","Tue Nov 26 05:38:16 +0000 2024","0","https://t.co/FwhWHThJtx Cara Membeli Paket Nonton Byon Combat Showbiz Vol.4 Cuma 29 Ribu Bisa Tonton Semua Pertandingan ! #ByonCombat #Byon4 #ByonCombatShowbizVol4","1861283307184627968","","","in","","0","0","0","https://x.com/helojabar_/status/1861283307184627968","1683709673097293826","helojabar_"
"1860971888140546449","Mon Nov 25 09:00:47 +0000 2024","1","Rivalitas antara dua negara! Indonesia vs Malaysia only on BYON Combat Showbiz Vol.4 live di Tennis Indoor Senayan dan tonton secara Pay-Per-View hanya di Vidio! Jangan sampai terlewat dukung para fighter jagoanmu! #ByonCombat #Vidio @vidiosports https://t.co/8YnBqczVKk","1860971888140546449","https://pbs.twimg.com/media/GdOAEWwaMAAogqR.jpg","","in","Jakarta","0","0","1","https://x.com/kompascom/status/1860971888140546449","23343960","kompascom"
"1860923704521482403","Mon Nov 25 05:49:20 +0000 2024","0","https://t.co/MaGyV0suDf Daftar 11 Pertandingan Byon Combat Showbiz Vol.4 Tanding Akhir Pekan Ini ! #ByonCombatShowbizVol4 #ByonCombat #Byon4","1860923704521482403","","","in","","0","0","0","https://x.com/helojabar_/status/1860923704521482403","1683709673097293826","helojabar_"
"1859085450474074329","Wed Nov 20 04:04:46 +0000 2024","0","https://t.co/SrcLaJZ8Ux Byon Combat Showbiz Vol.4: Ada Double Main Event Indonesia vs Malaysia yang Wajib Ditonton! #ByonCombat4 #ByonCombatShowbizVol4 #Indonesia #Malaysia","1859085450474074329","","","in","","0","0","0","https://x.com/helojabar_/status/1859085450474074329","1683709673097293826","helojabar_"
"1859018799175102811","Tue Nov 19 23:39:55 +0000 2024","1","Aku sebenarnya tak sabaq nak tengok Byon Combat Showbiz Vol. 4: INDONESIA vs MALAYSIA","1859018799175102811","","","in","Malaysia","0","0","0","https://x.com/irzzwani/status/1859018799175102811","64422118","irzzwani"
"1858820067338711341","Tue Nov 19 10:30:13 +0000 2024","0","vidio prem khusus byon combat 4 #zonauang #zonajajan","1858820067338711341","","","in","","0","14","0","https://x.com/Starrrysunshine/status/1858820067338711341","1800941127538999296","Starrrysunshine"
"1858433752822841631","Mon Nov 18 08:55:09 +0000 2024","1","Buruan Nonton BYON Combat VOL 4 di aplikasi Vidio Hanya dengan 29 ribu rupiah kamu sudah bisa nonton pertandingannya secara langsung di aplikasi Vidio kamu! Berikut step beli Paket BYON Combat. Geser untuk selanjutnya! https://t.co/6bCBWBhjd2","1858433752822841631","https://pbs.twimg.com/media/Gcp7pTDbwAE5yYB.jpg","","in","","0","1","0","https://x.com/VidioSports/status/1858433752822841631","1597888064214663168","VidioSports"
"1857695523362451562","Sat Nov 16 08:01:41 +0000 2024","0","Wts tiket byon combat showbiz vol. 4 Indonesia vs Malaysia 2 tix - VIP ringside wts wtb lfb combat boxing https://t.co/eWET5CgSz9","1857695523362451562","https://pbs.twimg.com/media/GcfcOrZaMAAHDi-.jpg","","in","","0","1","0","https://x.com/masjawasultan/status/1857695523362451562","723881840348549120","masjawasultan"
"1857460755098120250","Fri Nov 15 16:28:48 +0000 2024","0","indonesia v jepang iron mike come back jones last dance byon combat 4 apalah november ku ini boong ","1857460755098120250","","","in","Surakarta, Jawa Tengah","0","0","0","https://x.com/_xpecelayam/status/1857460755098120250","153308021","_xpecelayam"
"1856180184774521002","Tue Nov 12 03:40:16 +0000 2024","3","ayok kelahi sabung sesama tionghoa belum ada di byon combat kayanya.","1856180184774521002","","","in","","0","0","0","https://x.com/lievvv4/status/1856180184774521002","1811741588944748545","lievvv4"
"1855684297338040653","Mon Nov 11 01:14:10 +0000 2024","0","@achaesthetic cha main byon combat 4 yuk tinju kita","1855781027387674661","","achaesthetic","in","Lapangan Badminton ","0","1","0","https://x.com/avkornih/status/1855781027387674661","1722934100959641600","avkornih"
"1853815726156702185","Tue Nov 05 16:08:25 +0000 2024","0","@otsukarenasama Ini dia peserta Baku hantam di ajang Byon Combat 4","1853831745407504414","","otsukarenasama","in","dailydelirious.blogspot.com","0","1","0","https://x.com/EskaDarma/status/1853831745407504414","338913355","EskaDarma"
"1852677743743537214","Sat Nov 02 11:42:49 +0000 2024","0","fighter malay make baju melayu pas face off byon combat 4 tu bagi w keren bat sih gabanyak dibicarain tp. unmatched aura","1852677743743537214","","","in","pattaya","0","0","0","https://x.com/zoemiedemma/status/1852677743743537214","1076784661215363072","zoemiedemma"
"1852556270810873935","Sat Nov 02 03:40:08 +0000 2024","0","nungguin byon combat vol. 4 banget","1852556270810873935","","","in","Jakarta, Indonesia","0","0","0","https://x.com/zlsht/status/1852556270810873935","909254300265672704","zlsht"
"1851563262418341964","Wed Oct 30 09:54:16 +0000 2024","1","Fighter Indonesia Fadly Faisal ungkap persiapan Byon Combat Showbiz Vol.4. Link: https://t.co/zMfAyjyxsy https://t.co/2Yun50YKE1 https://t.co/Na8pHAswhP Whatsapp: https://t.co/MEYTjkqT2n Telegram: https://t.co/mh46SNNUA1 LINK APK https://t.co/kTl2p77P4g #asianwin88 #byoncombat https://t.co/HDko7Jwfv4","1851563262418341964","https://pbs.twimg.com/ext_tw_video_thumb/1851563114615197696/pu/img/Lildw-MOCVVjDktM.jpg","","in","","0","1","0","https://x.com/hardianasti/status/1851563262418341964","69251365","hardianasti"
"1851562963045654883","Wed Oct 30 09:53:05 +0000 2024","0","Fighter Indonesia Fadly Faisal ungkap persiapan Byon Combat Showbiz Vol.4. Link: https://t.co/agCjGJg4HZ https://t.co/qrtpWhHL6o https://t.co/tReY4FGFCm Whatsapp: https://t.co/svTIZCKC1r Telegram: https://t.co/ubO8OoSdgC LINK APK https://t.co/L2rppNZ0KX #asianwin88 #byoncombat https://t.co/0kU9Q3EJMB","1851562963045654883","https://pbs.twimg.com/ext_tw_video_thumb/1851562909987655680/pu/img/qFgyHFrDn47QcFI6.jpg","","in","","0","0","0","https://x.com/micamiguel17/status/1851562963045654883","425483100","micamiguel17"
"1851265022447730926","Tue Oct 29 14:09:10 +0000 2024","1","Duel impian Cellos: Daud Jordan tanding sama Manny Pacquiao di BYON?!? Tonton sampai habis biar nggak penasaran Jangan lupa tonton BYON Combat Showbiz 4 tanggal 30 November 2024 LIVE DI VIDIO! https://t.co/yaBWmRBDDk","1851265022447730926","https://pbs.twimg.com/ext_tw_video_thumb/1851264714128711680/pu/img/QLBX2zfYQCHCPXjE.jpg","","in","","0","0","0","https://x.com/VidioSports/status/1851265022447730926","1597888064214663168","VidioSports"
"1851112797075365892","Tue Oct 29 04:04:17 +0000 2024","0","Ongen Sanoksiwi Harap Byon Combat Showbiz Vol. 4 Lahirkan Petinju Dunia dari Indonesia https://t.co/LAgE44iAyW https://t.co/vKbgyfByAi","1851112797075365892","https://pbs.twimg.com/media/GbB5R4_agAEuD6H.jpg","","in","Jakarta","0","0","0","https://x.com/kompascom/status/1851112797075365892","23343960","kompascom"
"1851076800241389659","Tue Oct 29 01:41:15 +0000 2024","1","Ongen Saknosiwi Tampil di Byon Combat Showbiz Vol. 4 Cerita Wujudkan 2 Cita-cita https://t.co/VGvzRMu20W https://t.co/skrQ0pOmsF","1851076800241389659","https://pbs.twimg.com/media/GbBYikmbQAALc7w.jpg","","in","Jakarta","0","0","0","https://x.com/kompascom/status/1851076800241389659","23343960","kompascom"
"1851074522705011022","Tue Oct 29 01:32:12 +0000 2024","0","Ongen Saknosiwi Tampil di Byon Combat Showbiz Vol. 4 Cerita Wujudkan 2 Cita-cita https://t.co/HD1Z8pQa0j https://t.co/TViey4pMqS","1851074522705011022","https://pbs.twimg.com/media/GbBWeAsbQAEuue_.jpg","","in","Jakarta","0","0","0","https://x.com/kompascom/status/1851074522705011022","23343960","kompascom"
"1851026805349900785","Mon Oct 28 22:22:35 +0000 2024","0","psywar byon combat 4 bikin ngakak bjir tektokannya","1851026805349900785","","","in","","0","0","0","https://x.com/n_3stle/status/1851026805349900785","410421780","n_3stle"
"1850877964227142130","Mon Oct 28 12:31:08 +0000 2024","1","Ongen Saknosiwi Ramaikan Byon Combat Showbiz Vol. 4 Proyek Juara Dunia https://t.co/yfnUs9egND https://t.co/WcmgmzLTGo","1850877964227142130","https://pbs.twimg.com/media/Ga-jsyracAAlOoo.jpg","","in","Jakarta, Indonesia","0","0","0","https://x.com/sportskompascom/status/1850877964227142130","73674042","sportskompascom"
"1850864732481421702","Mon Oct 28 11:38:34 +0000 2024","0","Byon Combat Showbiz Vol. 4 Digelar November Duel Indonesia Vs Malaysia https://t.co/Q6nCsbB8Qa https://t.co/XYgrUgUZDL","1850864732481421702","https://pbs.twimg.com/media/Ga-XqnraEAERktj.jpg","","in","Jakarta","0","0","0","https://x.com/kompascom/status/1850864732481421702","23343960","kompascom"
"1850830136104653232","Mon Oct 28 09:21:05 +0000 2024","0","Byon Combat Showbiz kembali menghadirkan pertarungan spektakuler dalam gelarannya yang keempat bertema Byon Combat Showbiz Vol. 4: Indonesia vs Mala... https://t.co/uNSKio8VuQ","1850830136104653232","","","in","","0","0","0","https://x.com/inilahdotcom/status/1850830136104653232","46693036","inilahdotcom"
"1849300327725674725","Thu Oct 24 07:40:51 +0000 2024","0","@KompasTV Byon combat 4 jirrr","1849355358453842279","","KompasTV","in","Trinidad and Tobago","0","0","0","https://x.com/Araghutama/status/1849355358453842279","1360825472","Araghutama"
"1844443077718704157","Thu Oct 10 18:21:12 +0000 2024","0","cellos tolong segerakan byon combat 4 antara rakyat indonesia vs si palkon ini","1844443077718704157","","","in","Old Trafford ","0","0","0","https://x.com/fxxkrabbits/status/1844443077718704157","1296446438184898560","fxxkrabbits"
"1843503206158184636","Tue Oct 08 04:06:29 +0000 2024","0","https://t.co/51i0NoRokl Jadwal Byon Combat Showbiz Vol. 4: Ada 9 Fighter Indonesia vs Malaysia yang Akan Bertarung Bulan November 2024 ! #ByonCombat #November #Viral #JadwalByonCombat #IndonesiavsMalaysia #ByonCombatShowbizVol4","1843503206158184636","","","in","","0","0","0","https://x.com/helojabar_/status/1843503206158184636","1683709673097293826","helojabar_"
"1843288047439446370","Mon Oct 07 16:52:12 +0000 2024","0","@bonjovzi anying sama tukang pukul ternyata mending main di byon combat dapet duit","1843333517910126793","","bonjovzi","in","ambil nasi pak vingsen","0","0","0","https://x.com/4VIATR1X/status/1843333517910126793","1124695582965022721","4VIATR1X"
"1836985842591748221","Fri Sep 20 04:28:49 +0000 2024","1","Progres penurunan bb selama &lt;2bln masih ada 2bln lagi buat sampe range 90kg ditunggu di byon combat 4 @auzeell https://t.co/1F4SaV0a3b","1836985842591748221","https://pbs.twimg.com/media/GX5I4eAaUAA-O9m.jpg","","in","Indonesia","0","3","0","https://x.com/fansboy123/status/1836985842591748221","1216779649662865409","fansboy123"
"1818662637401715162","Wed Jul 31 15:05:36 +0000 2024","1","@thejurgenholic BREAKING NEWS : berhubung tidak ada berita transfer pemain bola di Liverpool sekarang Liverpool berubah menjadi klub tinju dan akan bertanding di BYON COMBAT 4.","1818664315848999407","","thejurgenholic","in","Sidoarjo, Indonesia","0","0","0","https://x.com/myrezandy_/status/1818664315848999407","1770784357789163520","myrezandy_"
"1818655073280700910","Wed Jul 31 14:31:00 +0000 2024","3","@thejurgenholic @bliblidotcom persiapan buat BYON COMBAT 4","1818655608956145675","","thejurgenholic","in","Sidoarjo, Indonesia","0","0","0","https://x.com/myrezandy_/status/1818655608956145675","1770784357789163520","myrezandy_"
"1817018444388401197","Sat Jul 27 11:15:59 +0000 2024","0","@polisiidol sorry. tanpa manda Ci Dean bisa tuh ikut byon combat 4. oh iya sekarang mah lu cuma tai kucing yang sering keinjek doang. alias ga level lagi urusan sama lu sampah","1817156978499789300","","polisiidol","in","apaan","0","0","0","https://x.com/nocontextcuy/status/1817156978499789300","1564545853","nocontextcuy"
"1817146913122099438","Sat Jul 27 10:35:59 +0000 2024","4","4 jam duduk disini. Isi pikiranku: - kok belum dapat kamar rawat inap - ini gimana caranya muter cara biar gak ngecewain banyak orang. - dll Semua malah byon combat dipikiranku. https://t.co/kABpaHCT1A","1817146913122099438","https://pbs.twimg.com/media/GTfNe-6b0AAt0Bb.jpg","","in","Pluto","0","6","0","https://x.com/ChandraaFelixx/status/1817146913122099438","1030463107460608001","ChandraaFelixx"
"1816900110594506902","Sat Jul 27 07:31:04 +0000 2024","0","@gagitugie___ @BlueHade_ @mandaffection @Deanamite_FC Mau Byon Combat 4 tgl 30 November. Gue sih sebagai salah satu anggota #WeAreMembership jelas megang Mas Dean. Megangin tangan Mas Dean biar bang Rudy bebas gebukin dia","1817100376035983543","","gagitugie___","in","","0","1","0","https://x.com/Shinraku18/status/1817100376035983543","1293584442632544256","Shinraku18"
"1816751379312181544","Fri Jul 26 11:11:54 +0000 2024","1","@Deanamite_FC INFO A1 Bang Rudy Golden Boy sudah siap menghadapi Dean KT (King Tinju) di Byon Combat 4 bulan November tahun 2024!!! Ayo ramaikan live streaming Mas Dean agar segera mempersiapkan diri menghadapi Bang Rudy Golden Boy. HIDUP KING DEAN #DeanktVSRudyGoldenBoy https://t.co/IZM0jy0Ne9","1816793562803240992","https://pbs.twimg.com/ext_tw_video_thumb/1816793503701303297/pu/img/BhND-yHzDxtf5ZnK.jpg","Deanamite_FC","in","","0","0","0","https://x.com/Shinraku18/status/1816793562803240992","1293584442632544256","Shinraku18"
"1816680671349268960","Fri Jul 26 07:39:44 +0000 2024","0","@IraqFootballPod @tirta_cipeng BYON COMBAT 4 JADIIN MAS @tirta_cipeng","1816740170001179047","","IraqFootballPod","in","","0","0","0","https://x.com/nomanov12/status/1816740170001179047","340770659","nomanov12"
"1816059664897106295","Wed Jul 24 13:01:54 +0000 2024","0","@haaann66 byon combat 4 udah yang menang dapet lana + sabtu pramuka","1816096468559880680","","haaann66","in","Aurhel Alanaüåô","0","0","0","https://x.com/nugrahaalvinn/status/1816096468559880680","1572195523372912640","nugrahaalvinn"
"1815790396229960012","Wed Jul 24 03:17:52 +0000 2024","1","@koj1harunyan Doi @SNayla_JKT48 lagi latihan tinju mau ikut di Byon Combat Showbiz vol 4 nanti.","1815949494414107010","","koj1harunyan","in","Indonesia - Balikpapan","0","0","0","https://x.com/_AldiFahreza/status/1815949494414107010","256522401","_AldiFahreza"
"1815385018577121728","Mon Jul 22 15:45:05 +0000 2024","0","@noelnowa jadi jul ayo byon combat 4 ya","1815412760643260691","","noelnowa","in","Coba cek,Dihati kamu","0","1","0","https://x.com/24x_piece/status/1815412760643260691","3130478497","24x_piece"
"1814856168663363894","Sun Jul 21 05:46:52 +0000 2024","0","@parellzz otw byon combat 4","1814899826150285540","","parellzz","in","","0","0","0","https://x.com/RnztPrmdn/status/1814899826150285540","1583679708469686272","RnztPrmdn"
"1814209710616465758","Fri Jul 19 10:16:10 +0000 2024","0","@neiljustiin lana yang liat post ini : ih sumpah ayo byon combat 4 aja sini","1814242822301852037","","neiljustiin","in","Aurhel Alanaüåô","0","1","0","https://x.com/nugrahaalvinn/status/1814242822301852037","1572195523372912640","nugrahaalvinn"
"1813979460477370753","Fri Jul 19 01:15:46 +0000 2024","0","@ayasasaib @5teV3n_Pe9eL Byon combat 4 boleh ","1814106827996721474","","ayasasaib","in","Surabaya, East Java","0","0","0","https://x.com/hutomonr/status/1814106827996721474","498729870","hutomonr"
"1813137386555207763","Tue Jul 16 09:03:34 +0000 2024","4","igku distalk pacar dari tmn tmn ceweku wkwkwkwkwkw persiapan byon combat kh ini","1813137386555207763","","","in","","0","0","0","https://x.com/p4r4n01d4n0n/status/1813137386555207763","1171763038543728640","p4r4n01d4n0n"
"1811261222488293474","Thu Jul 11 04:48:21 +0000 2024","0","Dari kuda kuda sama cover nya udah bisa sih ikut byon combat 4.","1811261222488293474","","","in","","0","0","0","https://x.com/txtdarialwy/status/1811261222488293474","1226479341183197184","txtdarialwy"
"1810903131305431192","Wed Jul 10 05:22:16 +0000 2024","0","@hell0allen byon combat 4 di persilahkan","1810907369481945452","","wisyanggeni","in","Kota Surabaya, Jawa Timur","0","1","0","https://x.com/navygris/status/1810907369481945452","1618478704832970752","navygris"
"1810584898232877233","Wed Jul 10 03:55:26 +0000 2024","0","@feedemady siap Byon combat Vol 4 lawan Cellos","1810885515799056793","","feedemady","in","East Borneo, Indonesia","0","0","0","https://x.com/akupunyamuu/status/1810885515799056793","1211234359417532416","akupunyamuu"
"1809205748716757271","Sun Jul 07 13:55:00 +0000 2024","0","@urbbaeyy @amyxluv Langsung byon combat vol. 4 aja ayo bang nero","1809949239868608898","","urbbaeyy","in","","0","1","0","https://x.com/alexandrekoxy6/status/1809949239868608898","1807974886897602561","alexandrekoxy6"
"1809834933961289804","Sun Jul 07 06:26:30 +0000 2024","0","@nininminaj Byon combat 4 menunggumu","1809836371538002168","","berrymanukaamer","in","","0","0","0","https://x.com/onionringsxxx/status/1809836371538002168","1394482490933276676","onionringsxxx"
"1809284518697922789","Fri Jul 05 17:53:38 +0000 2024","0","kroos menuju byon combat vol 4","1809284518697922789","","","in","Barcelona, Spain","0","0","0","https://x.com/tupailari66/status/1809284518697922789","1186840655072358400","tupailari66"
"1808112534668681323","Tue Jul 02 12:22:30 +0000 2024","1","@idextratime Ajak tinju sama lu ti di hss/byon combat 4","1808114021146808572","","idextratime","in","","0","0","0","https://x.com/HakimJidan/status/1808114021146808572","1482370736983797762","HakimJidan"
"1807642777263698145","Mon Jul 01 11:11:29 +0000 2024","0","@kemgelapan gasss byon combat 4 rame nihh wkkwkww","1807733761309909192","","kemgelapan","in","Jakarta, Indonesia","0","0","0","https://x.com/Gacormso303/status/1807733761309909192","1800442416182468608","Gacormso303"
"1807437826038038924","Sun Jun 30 15:35:32 +0000 2024","1","Nonton Captain Tsubasa Season 2: Junior Youth-hen Episode 37 Captain Tsubasa setelah nonton BYON Combat Showbiz vol 3 beralih latihan tinju buat vol 4 https://t.co/1gjhosPu7Q","1807437826038038924","https://pbs.twimg.com/media/GRVPH7raUAApp6N.jpg","","in","DKI Jakarta, Indonesia","0","0","0","https://x.com/galant_os/status/1807437826038038924","114467239","galant_os"
"1806612034823549133","Fri Jun 28 13:58:24 +0000 2024","0","@Alfanmasfit kamu dimana aku habis ngelatih @izzyfwd biar biasa lawan efren reyes tapi di byon combat 4","1806688603952853273","","Alfanmasfit","in","Kota Manado, Sulawesi Utara","0","0","0","https://x.com/simbah_9/status/1806688603952853273","1158361014573789190","simbah_9"
"1806652022592356462","Fri Jun 28 11:33:02 +0000 2024","1","Kontol bapak kau pecah nyalah nyalahkan orang lain ayok langsung aja byon combat 4. Bang cellos siapkan kontraknya Ô∏è","1806652022592356462","","","in","","0","2","0","https://x.com/txtdarialwy/status/1806652022592356462","1226479341183197184","txtdarialwy"
"1806305132940009866","Thu Jun 27 12:34:37 +0000 2024","0","Emak gue daftarin byon combat 4 kali ya lawan babayo","1806305132940009866","","","in","Unknown","0","0","0","https://x.com/xtramadolx/status/1806305132940009866","154115554","xtramadolx"
"1806178909781889166","Thu Jun 27 05:56:49 +0000 2024","0","@tirta_cipeng Yo sing dispill dinggo pemula noooooo nek saranmu kui porsi olahraga persiapan byon combat 4.","1806205020742045960","","tirta_cipeng","in","Papua New Guinea","0","0","0","https://x.com/Muhammadwah23/status/1806205020742045960","1048767853527162882","Muhammadwah23"
"1806147759294304564","Thu Jun 27 02:51:37 +0000 2024","0","@akualcade Ayookk di byon combat 4","1806158412818104385","","akualcade","in","Tegal, Jawa Tengah","0","1","0","https://x.com/iamvsmymind/status/1806158412818104385","323937760","iamvsmymind"
"1805200617251779011","Wed Jun 26 07:17:28 +0000 2024","0","@kompascom Byon combat 4 bisa jumpakan saya sama orang ini biar bisa mewakili perasaan ratusan juta warga Indonesia wkwk","1805862932062126134","","kompascom","in","jakarta","0","0","0","https://x.com/RyanAl21/status/1805862932062126134","1272507363086352385","RyanAl21"
"1805623849205252400","Tue Jun 25 15:27:27 +0000 2024","0","Makin banyak video tonjok2an di timeline. Pertanda akan naik di byon combat vol 4 kah?","1805623849205252400","","","in","Isekai","0","0","0","https://x.com/prejeo_/status/1805623849205252400","2456708834","prejeo_"
"1805623572511211777","Tue Jun 25 15:26:21 +0000 2024","0","info byon combat 4 gua vs ...","1805623572511211777","","","in","","0","2","0","https://x.com/zxzrhan/status/1805623572511211777","1374763636393091078","zxzrhan"
"1805210032616951974","Tue Jun 25 11:11:15 +0000 2024","0","@dinulfadli_ @txtdrjkt byon combat season 4 gasss wwkw","1805559374104133770","","dinulfadli_","in","Jakarta, Indonesia","0","0","0","https://x.com/Gacormso303/status/1805559374104133770","1800442416182468608","Gacormso303"
"1805507579747221759","Tue Jun 25 10:37:51 +0000 2024","0","@R_AdelJKT48 @S_FloraJKT48 Udah tau kalo ini mah ajakin Byon Combat 4 aja flo","1805550969134236029","","AdelRevaaa","in","","0","1","0","https://x.com/adityarahmats/status/1805550969134236029","177453749","adityarahmats"
"1805297028223975809","Tue Jun 25 01:24:44 +0000 2024","0","@naailanf bisa ikut byon combat 4 ini","1805411774784848015","","naailanf","in","","0","0","0","https://x.com/ellnaass/status/1805411774784848015","1196348871489675264","ellnaass"
"1805138601971253286","Tue Jun 25 01:02:49 +0000 2024","0","@alychrtz yokk byon combat 4 bs yokk wkwk","1805406258658427206","","th3g1rlnextdoor","in","Lampung, Indonesia","0","0","0","https://x.com/sanBoyyyQ/status/1805406258658427206","1596506817034874880","sanBoyyyQ"
"1805179680229847206","Mon Jun 24 18:00:55 +0000 2024","0","@innekeayu5 bagusnya ikut byon combat 4 kak","1805300082327404587","","innekeayuu","in","","0","1","0","https://x.com/fo0lishxc/status/1805300082327404587","1449169879915917315","fo0lishxc"
"1756350313517449271","Sat Feb 10 16:12:00 +0000 2024","0","kalian pilih deh mau di hss atau di byon combat? @yourcontrolla @pleuvsoir","1756350313517449271","","","in","","0","2","0","https://x.com/love4rson/status/1756350313517449271","1607802912922796032","love4rson"
"1749077021798584732","Sun Jan 21 14:30:32 +0000 2024","2","Di stop wae iki debat e dilanjut ndek byon combat vol 4","1749077021798584732","","","in","","0","0","1","https://x.com/bosbesarallaam/status/1749077021798584732","1198986522327834624","bosbesarallaam"
"1745025508277092859","Wed Jan 10 10:13:40 +0000 2024","1","@A_ZeeJKT48 Lah ayooo mau byon combat berapa ?","1745026108851114157","","_zeeasadel","in","","0","0","0","https://x.com/ros3m4ryyy/status/1745026108851114157","1707610755695259648","ros3m4ryyy"
"1743995842795843927","Sun Jan 07 13:59:45 +0000 2024","1","Kalau kata gua harus ada byon combat vol 4 isi nya pak prabowo vs pak anis wkwk","1743995842795843927","","","in","165‚Äô23","0","1","0","https://x.com/papiculo2papi/status/1743995842795843927","1193211529413513217","papiculo2papi"
"1727991142296473846","Fri Nov 24 10:02:47 +0000 2023","0","BYON COMBAT V.3 bakalan ada gue vs @nikoaseli tungguan guys ","1727991142296473846","","","in","Kota Surabaya, Jawa Timur","0","1","0","https://x.com/raffirizpram/status/1727991142296473846","1661293392670920705","raffirizpram"
"1722612356671520970","Thu Nov 09 13:49:25 +0000 2023","3","next byon combat fajar sadboy vs liu kang","1722612356671520970","","","in","","0","2","0","https://x.com/114brokenradio/status/1722612356671520970","1038830609848659973","114brokenradio"
"1722314883088420929","Wed Nov 08 18:07:21 +0000 2023","0","byon combat s2 kentang bgt","1722314883088420929","","","in","","0","0","0","https://x.com/l0wkeyp4thetic/status/1722314883088420929","1072094191222571008","l0wkeyp4thetic"
